File Path,Person Number,Signature Number
NFI-00101001.png,001,01
NFI-00102001.png,001,02
NFI-00103001.png,001,03
NFI-00104001.png,001,04
NFI-00105001.png,001,05
NFI-00106001.png,001,06
NFI-00107001.png,001,07
NFI-00108001.png,001,08
NFI-00109001.png,001,09
NFI-00110001.png,001,10
NFI-00111001.png,001,11
NFI-00112001.png,001,12
NFI-00201002.png,002,01
NFI-00202002.png,002,02
NFI-00203002.png,002,03
NFI-00204002.png,002,04
NFI-00205002.png,002,05
NFI-00206002.png,002,06
NFI-00207002.png,002,07
NFI-00208002.png,002,08
NFI-00209002.png,002,09
NFI-00210002.png,002,10
NFI-00211002.png,002,11
NFI-00212002.png,002,12
NFI-00301003.png,003,01
NFI-00302003.png,003,02
NFI-00303003.png,003,03
NFI-00304003.png,003,04
NFI-00305003.png,003,05
NFI-00306003.png,003,06
NFI-00307003.png,003,07
NFI-00308003.png,003,08
NFI-00309003.png,003,09
NFI-00310003.png,003,10
NFI-00311003.png,003,11
NFI-00312003.png,003,12
NFI-00401004.png,004,01
NFI-00402004.png,004,02
NFI-00403004.png,004,03
NFI-00404004.png,004,04
NFI-00405004.png,004,05
NFI-00406004.png,004,06
NFI-00407004.png,004,07
NFI-00408004.png,004,08
NFI-00409004.png,004,09
NFI-00410004.png,004,10
NFI-00411004.png,004,11
NFI-00412004.png,004,12
NFI-00601006.png,006,01
NFI-00602006.png,006,02
NFI-00603006.png,006,03
NFI-00604006.png,006,04
NFI-00605006.png,006,05
NFI-00606006.png,006,06
NFI-00607006.png,006,07
NFI-00608006.png,006,08
NFI-00609006.png,006,09
NFI-00610006.png,006,10
NFI-00611006.png,006,11
NFI-00612006.png,006,12
NFI-00701007.png,007,01
NFI-00702007.png,007,02
NFI-00703007.png,007,03
NFI-00704007.png,007,04
NFI-00705007.png,007,05
NFI-00706007.png,007,06
NFI-00707007.png,007,07
NFI-00708007.png,007,08
NFI-00709007.png,007,09
NFI-00710007.png,007,10
NFI-00711007.png,007,11
NFI-00712007.png,007,12
NFI-00801008.png,008,01
NFI-00802008.png,008,02
NFI-00803008.png,008,03
NFI-00804008.png,008,04
NFI-00805008.png,008,05
NFI-00806008.png,008,06
NFI-00807008.png,008,07
NFI-00808008.png,008,08
NFI-00809008.png,008,09
NFI-00810008.png,008,10
NFI-00811008.png,008,11
NFI-00812008.png,008,12
NFI-00901009.png,009,01
NFI-00902009.png,009,02
NFI-00903009.png,009,03
NFI-00904009.png,009,04
NFI-00906009.png,009,06
NFI-00907009.png,009,07
NFI-00908009.png,009,08
NFI-00909009.png,009,09
NFI-00910009.png,009,10
NFI-00911009.png,009,11
NFI-00912009.png,009,12
NFI-01001010.png,010,01
NFI-01002010.png,010,02
NFI-01003010.png,010,03
NFI-01004010.png,010,04
NFI-01005010.png,010,05
NFI-01006010.png,010,06
NFI-01007010.png,010,07
NFI-01008010.png,010,08
NFI-01009010.png,010,09
NFI-01010010.png,010,10
NFI-01011010.png,010,11
NFI-01012010.png,010,12
NFI-01101011.png,011,01
NFI-01102011.png,011,02
NFI-01103011.png,011,03
NFI-01104011.png,011,04
NFI-01105011.png,011,05
NFI-01106011.png,011,06
NFI-01107011.png,011,07
NFI-01108011.png,011,08
NFI-01109011.png,011,09
NFI-01110011.png,011,10
NFI-01111011.png,011,11
NFI-01112011.png,011,12
NFI-01201012.png,012,01
NFI-01202012.png,012,02
NFI-01203012.png,012,03
NFI-01204012.png,012,04
NFI-01205012.png,012,05
NFI-01206012.png,012,06
NFI-01207012.png,012,07
NFI-01208012.png,012,08
NFI-01209012.png,012,09
NFI-01210012.png,012,10
NFI-01211012.png,012,11
NFI-01212012.png,012,12
NFI-01401014.png,014,01
NFI-01402014.png,014,02
NFI-01403014.png,014,03
NFI-01404014.png,014,04
NFI-01405014.png,014,05
NFI-01406014.png,014,06
NFI-01407014.png,014,07
NFI-01408014.png,014,08
NFI-01409014.png,014,09
NFI-01410014.png,014,10
NFI-01411014.png,014,11
NFI-01412014.png,014,12
NFI-01501015.png,015,01
NFI-01502015.png,015,02
NFI-01503015.png,015,03
NFI-01504015.png,015,04
NFI-01505015.png,015,05
NFI-01506015.png,015,06
NFI-01507015.png,015,07
NFI-01508015.png,015,08
NFI-01509015.png,015,09
NFI-01510015.png,015,10
NFI-01511015.png,015,11
NFI-01512015.png,015,12
NFI-01601016.png,016,01
NFI-01602016.png,016,02
NFI-01603016.png,016,03
NFI-01604016.png,016,04
NFI-01605016.png,016,05
NFI-01606016.png,016,06
NFI-01607016.png,016,07
NFI-01608016.png,016,08
NFI-01609016.png,016,09
NFI-01610016.png,016,10
NFI-01611016.png,016,11
NFI-01612016.png,016,12
NFI-01701017.png,017,01
NFI-01702017.png,017,02
NFI-01703017.png,017,03
NFI-01704017.png,017,04
NFI-01705017.png,017,05
NFI-01706017.png,017,06
NFI-01707017.png,017,07
NFI-01708017.png,017,08
NFI-01709017.png,017,09
NFI-01710017.png,017,10
NFI-01711017.png,017,11
NFI-01712017.png,017,12
NFI-01801018.png,018,01
NFI-01802018.png,018,02
NFI-01804018.png,018,04
NFI-01807018.png,018,07
NFI-01810018.png,018,10
NFI-01811018.png,018,11
NFI-01901019.png,019,01
NFI-01902019.png,019,02
NFI-01903019.png,019,03
NFI-01904019.png,019,04
NFI-01905019.png,019,05
NFI-01906019.png,019,06
NFI-01907019.png,019,07
NFI-01908019.png,019,08
NFI-01909019.png,019,09
NFI-01910019.png,019,10
NFI-01911019.png,019,11
NFI-01912019.png,019,12
NFI-02001020.png,020,01
NFI-02002020.png,020,02
NFI-02003020.png,020,03
NFI-02004020.png,020,04
NFI-02005020.png,020,05
NFI-02006020.png,020,06
NFI-02007020.png,020,07
NFI-02008020.png,020,08
NFI-02009020.png,020,09
NFI-02010020.png,020,10
NFI-02011020.png,020,11
NFI-02012020.png,020,12
NFI-02101021.png,021,01
NFI-02102021.png,021,02
NFI-02103021.png,021,03
NFI-02104021.png,021,04
NFI-02105021.png,021,05
NFI-02106021.png,021,06
NFI-02107021.png,021,07
NFI-02108021.png,021,08
NFI-02109021.png,021,09
NFI-02110021.png,021,10
NFI-02111021.png,021,11
NFI-02112021.png,021,12
NFI-02201022.png,022,01
NFI-02202022.png,022,02
NFI-02203022.png,022,03
NFI-02204022.png,022,04
NFI-02205022.png,022,05
NFI-02206022.png,022,06
NFI-02207022.png,022,07
NFI-02208022.png,022,08
NFI-02209022.png,022,09
NFI-02210022.png,022,10
NFI-02211022.png,022,11
NFI-02212022.png,022,12
NFI-02301023.png,023,01
NFI-02302023.png,023,02
NFI-02303023.png,023,03
NFI-02304023.png,023,04
NFI-02305023.png,023,05
NFI-02306023.png,023,06
NFI-02307023.png,023,07
NFI-02308023.png,023,08
NFI-02309023.png,023,09
NFI-02310023.png,023,10
NFI-02311023.png,023,11
NFI-02312023.png,023,12
NFI-02401024.png,024,01
NFI-02402024.png,024,02
NFI-02403024.png,024,03
NFI-02404024.png,024,04
NFI-02405024.png,024,05
NFI-02406024.png,024,06
NFI-02407024.png,024,07
NFI-02408024.png,024,08
NFI-02409024.png,024,09
NFI-02410024.png,024,10
NFI-02411024.png,024,11
NFI-02412024.png,024,12
NFI-02601026.png,026,01
NFI-02602026.png,026,02
NFI-02603026.png,026,03
NFI-02604026.png,026,04
NFI-02605026.png,026,05
NFI-02606026.png,026,06
NFI-02607026.png,026,07
NFI-02608026.png,026,08
NFI-02609026.png,026,09
NFI-02610026.png,026,10
NFI-02611026.png,026,11
NFI-02612026.png,026,12
NFI-02701027.png,027,01
NFI-02702027.png,027,02
NFI-02703027.png,027,03
NFI-02704027.png,027,04
NFI-02705027.png,027,05
NFI-02706027.png,027,06
NFI-02707027.png,027,07
NFI-02708027.png,027,08
NFI-02709027.png,027,09
NFI-02710027.png,027,10
NFI-02711027.png,027,11
NFI-02712027.png,027,12
NFI-02801028.png,028,01
NFI-02802028.png,028,02
NFI-02803028.png,028,03
NFI-02804028.png,028,04
NFI-02805028.png,028,05
NFI-02806028.png,028,06
NFI-02807028.png,028,07
NFI-02808028.png,028,08
NFI-02809028.png,028,09
NFI-02810028.png,028,10
NFI-02811028.png,028,11
NFI-02812028.png,028,12
NFI-02901029.png,029,01
NFI-02902029.png,029,02
NFI-02903029.png,029,03
NFI-02904029.png,029,04
NFI-02905029.png,029,05
NFI-02906029.png,029,06
NFI-02907029.png,029,07
NFI-02908029.png,029,08
NFI-02909029.png,029,09
NFI-02910029.png,029,10
NFI-02911029.png,029,11
NFI-02912029.png,029,12
NFI-03001030.png,030,01
NFI-03002030.png,030,02
NFI-03003030.png,030,03
NFI-03004030.png,030,04
NFI-03005030.png,030,05
NFI-03006030.png,030,06
NFI-03007030.png,030,07
NFI-03008030.png,030,08
NFI-03009030.png,030,09
NFI-03010030.png,030,10
NFI-03011030.png,030,11
NFI-03012030.png,030,12
NFI-03101031.png,031,01
NFI-03102031.png,031,02
NFI-03103031.png,031,03
NFI-03104031.png,031,04
NFI-03105031.png,031,05
NFI-03106031.png,031,06
NFI-03107031.png,031,07
NFI-03108031.png,031,08
NFI-03109031.png,031,09
NFI-03110031.png,031,10
NFI-03111031.png,031,11
NFI-03112031.png,031,12
NFI-03301033.png,033,01
NFI-03302033.png,033,02
NFI-03303033.png,033,03
NFI-03304033.png,033,04
NFI-03305033.png,033,05
NFI-03306033.png,033,06
NFI-03307033.png,033,07
NFI-03308033.png,033,08
NFI-03309033.png,033,09
NFI-03310033.png,033,10
NFI-03311033.png,033,11
NFI-03312033.png,033,12
NFI-03501035.png,035,01
NFI-03502035.png,035,02
NFI-03503035.png,035,03
NFI-03504035.png,035,04
NFI-03505035.png,035,05
NFI-03506035.png,035,06
NFI-03507035.png,035,07
NFI-03508035.png,035,08
NFI-03509035.png,035,09
NFI-03510035.png,035,10
NFI-03511035.png,035,11
NFI-03512035.png,035,12
NFI-03701037.png,037,01
NFI-03702037.png,037,02
NFI-03703037.png,037,03
NFI-03704037.png,037,04
NFI-03705037.png,037,05
NFI-03706037.png,037,06
NFI-03707037.png,037,07
NFI-03708037.png,037,08
NFI-03709037.png,037,09
NFI-03710037.png,037,10
NFI-03711037.png,037,11
NFI-03712037.png,037,12
NFI-03901039.png,039,01
NFI-03902039.png,039,02
NFI-03903039.png,039,03
NFI-03904039.png,039,04
NFI-03905039.png,039,05
NFI-03906039.png,039,06
NFI-03907039.png,039,07
NFI-03908039.png,039,08
NFI-03909039.png,039,09
NFI-03910039.png,039,10
NFI-03911039.png,039,11
NFI-03912039.png,039,12
NFI-04101041.png,041,01
NFI-04102041.png,041,02
NFI-04103041.png,041,03
NFI-04104041.png,041,04
NFI-04105041.png,041,05
NFI-04106041.png,041,06
NFI-04107041.png,041,07
NFI-04108041.png,041,08
NFI-04109041.png,041,09
NFI-04110041.png,041,10
NFI-04111041.png,041,11
NFI-04112041.png,041,12
NFI-04201042.png,042,01
NFI-04202042.png,042,02
NFI-04203042.png,042,03
NFI-04204042.png,042,04
NFI-04205042.png,042,05
NFI-04206042.png,042,06
NFI-04207042.png,042,07
NFI-04208042.png,042,08
NFI-04209042.png,042,09
NFI-04210042.png,042,10
NFI-04211042.png,042,11
NFI-04212042.png,042,12
NFI-04301043.png,043,01
NFI-04302043.png,043,02
NFI-04303043.png,043,03
NFI-04304043.png,043,04
NFI-04305043.png,043,05
NFI-04306043.png,043,06
NFI-04307043.png,043,07
NFI-04308043.png,043,08
NFI-04309043.png,043,09
NFI-04310043.png,043,10
NFI-04311043.png,043,11
NFI-04312043.png,043,12
NFI-04401044.png,044,01
NFI-04402044.png,044,02
NFI-04403044.png,044,03
NFI-04404044.png,044,04
NFI-04405044.png,044,05
NFI-04406044.png,044,06
NFI-04407044.png,044,07
NFI-04408044.png,044,08
NFI-04409044.png,044,09
NFI-04410044.png,044,10
NFI-04411044.png,044,11
NFI-04412044.png,044,12
NFI-04501045.png,045,01
NFI-04502045.png,045,02
NFI-04503045.png,045,03
NFI-04504045.png,045,04
NFI-04505045.png,045,05
NFI-04506045.png,045,06
NFI-04507045.png,045,07
NFI-04508045.png,045,08
NFI-04509045.png,045,09
NFI-04510045.png,045,10
NFI-04511045.png,045,11
NFI-04512045.png,045,12
NFI-04601046.png,046,01
NFI-04602046.png,046,02
NFI-04603046.png,046,03
NFI-04604046.png,046,04
NFI-04605046.png,046,05
NFI-04606046.png,046,06
NFI-04607046.png,046,07
NFI-04608046.png,046,08
NFI-04609046.png,046,09
NFI-04610046.png,046,10
NFI-04611046.png,046,11
NFI-04612046.png,046,12
NFI-04701047.png,047,01
NFI-04702047.png,047,02
NFI-04703047.png,047,03
NFI-04704047.png,047,04
NFI-04705047.png,047,05
NFI-04706047.png,047,06
NFI-04707047.png,047,07
NFI-04708047.png,047,08
NFI-04709047.png,047,09
NFI-04710047.png,047,10
NFI-04711047.png,047,11
NFI-04712047.png,047,12
NFI-04901049.png,049,01
NFI-04902049.png,049,02
NFI-04903049.png,049,03
NFI-04904049.png,049,04
NFI-04905049.png,049,05
NFI-04906049.png,049,06
NFI-04907049.png,049,07
NFI-04908049.png,049,08
NFI-04909049.png,049,09
NFI-04910049.png,049,10
NFI-04911049.png,049,11
NFI-04912049.png,049,12
NFI-05101051.png,051,01
NFI-05102051.png,051,02
NFI-05103051.png,051,03
NFI-05104051.png,051,04
NFI-05105051.png,051,05
NFI-05106051.png,051,06
NFI-05107051.png,051,07
NFI-05108051.png,051,08
NFI-05109051.png,051,09
NFI-05110051.png,051,10
NFI-05111051.png,051,11
NFI-05112051.png,051,12
NFI-05301053.png,053,01
NFI-05302053.png,053,02
NFI-05303053.png,053,03
NFI-05304053.png,053,04
NFI-05305053.png,053,05
NFI-05306053.png,053,06
NFI-05307053.png,053,07
NFI-05308053.png,053,08
NFI-05309053.png,053,09
NFI-05310053.png,053,10
NFI-05311053.png,053,11
NFI-05312053.png,053,12
NFI-05401054.png,054,01
NFI-05402054.png,054,02
NFI-05403054.png,054,03
NFI-05404054.png,054,04
NFI-05405054.png,054,05
NFI-05406054.png,054,06
NFI-05407054.png,054,07
NFI-05408054.png,054,08
NFI-05409054.png,054,09
NFI-05410054.png,054,10
NFI-05411054.png,054,11
NFI-05412054.png,054,12
NFI-05501055.png,055,01
NFI-05503055.png,055,03
NFI-05504055.png,055,04
NFI-05505055.png,055,05
NFI-05506055.png,055,06
NFI-05507055.png,055,07
NFI-05508055.png,055,08
NFI-05509055.png,055,09
NFI-05510055.png,055,10
NFI-05511055.png,055,11
NFI-05512055.png,055,12
NFI-05601056.png,056,01
NFI-05602056.png,056,02
NFI-05603056.png,056,03
NFI-05604056.png,056,04
NFI-05605056.png,056,05
NFI-05606056.png,056,06
NFI-05607056.png,056,07
NFI-05608056.png,056,08
NFI-05609056.png,056,09
NFI-05610056.png,056,10
NFI-05611056.png,056,11
NFI-05612056.png,056,12
NFI-05801058.png,058,01
NFI-05802058.png,058,02
NFI-05803058.png,058,03
NFI-05804058.png,058,04
NFI-05805058.png,058,05
NFI-05806058.png,058,06
NFI-05807058.png,058,07
NFI-05808058.png,058,08
NFI-05809058.png,058,09
NFI-05810058.png,058,10
NFI-05811058.png,058,11
NFI-05812058.png,058,12
NFI-05901059.png,059,01
NFI-05902059.png,059,02
NFI-05903059.png,059,03
NFI-05904059.png,059,04
NFI-05905059.png,059,05
NFI-05906059.png,059,06
NFI-05907059.png,059,07
NFI-05908059.png,059,08
NFI-05909059.png,059,09
NFI-05910059.png,059,10
NFI-05911059.png,059,11
NFI-05912059.png,059,12
NFI-06201062.png,062,01
NFI-06202062.png,062,02
NFI-06203062.png,062,03
NFI-06204062.png,062,04
NFI-06205062.png,062,05
NFI-06206062.png,062,06
NFI-06207062.png,062,07
NFI-06208062.png,062,08
NFI-06209062.png,062,09
NFI-06210062.png,062,10
NFI-06211062.png,062,11
NFI-06212062.png,062,12
NFI-06301063.png,063,01
NFI-06302063.png,063,02
NFI-06303063.png,063,03
NFI-06304063.png,063,04
NFI-06305063.png,063,05
NFI-06306063.png,063,06
NFI-06307063.png,063,07
NFI-06308063.png,063,08
NFI-06309063.png,063,09
NFI-06310063.png,063,10
NFI-06311063.png,063,11
NFI-06312063.png,063,12
NFI-06401064.png,064,01
NFI-06402064.png,064,02
NFI-06403064.png,064,03
NFI-06404064.png,064,04
NFI-06405064.png,064,05
NFI-06406064.png,064,06
NFI-06407064.png,064,07
NFI-06408064.png,064,08
NFI-06409064.png,064,09
NFI-06410064.png,064,10
NFI-06411064.png,064,11
NFI-06412064.png,064,12
NFI-06601066.png,066,01
NFI-06602066.png,066,02
NFI-06603066.png,066,03
NFI-06604066.png,066,04
NFI-06605066.png,066,05
NFI-06606066.png,066,06
NFI-06607066.png,066,07
NFI-06608066.png,066,08
NFI-06609066.png,066,09
NFI-06610066.png,066,10
NFI-06611066.png,066,11
NFI-06612066.png,066,12
NFI-06701067.png,067,01
NFI-06702067.png,067,02
NFI-06703067.png,067,03
NFI-06704067.png,067,04
NFI-06705067.png,067,05
NFI-06706067.png,067,06
NFI-06707067.png,067,07
NFI-06708067.png,067,08
NFI-06709067.png,067,09
NFI-06710067.png,067,10
NFI-06711067.png,067,11
NFI-06712067.png,067,12
NFI-06801068.png,068,01
NFI-06802068.png,068,02
NFI-06803068.png,068,03
NFI-06804068.png,068,04
NFI-06805068.png,068,05
NFI-06806068.png,068,06
NFI-06807068.png,068,07
NFI-06808068.png,068,08
NFI-06809068.png,068,09
NFI-06810068.png,068,10
NFI-06811068.png,068,11
NFI-06812068.png,068,12
NFI-06901069.png,069,01
NFI-06902069.png,069,02
NFI-06903069.png,069,03
NFI-06904069.png,069,04
NFI-06905069.png,069,05
NFI-06906069.png,069,06
NFI-06907069.png,069,07
NFI-06908069.png,069,08
NFI-06909069.png,069,09
NFI-06910069.png,069,10
NFI-06911069.png,069,11
NFI-06912069.png,069,12
NFI-07001070.png,070,01
NFI-07002070.png,070,02
NFI-07003070.png,070,03
NFI-07004070.png,070,04
NFI-07005070.png,070,05
NFI-07006070.png,070,06
NFI-07007070.png,070,07
NFI-07008070.png,070,08
NFI-07009070.png,070,09
NFI-07010070.png,070,10
NFI-07011070.png,070,11
NFI-07012070.png,070,12
NFI-07101071.png,071,01
NFI-07102071.png,071,02
NFI-07103071.png,071,03
NFI-07104071.png,071,04
NFI-07105071.png,071,05
NFI-07106071.png,071,06
NFI-07107071.png,071,07
NFI-07108071.png,071,08
NFI-07109071.png,071,09
NFI-07110071.png,071,10
NFI-07111071.png,071,11
NFI-07112071.png,071,12
NFI-07201072.png,072,01
NFI-07202072.png,072,02
NFI-07203072.png,072,03
NFI-07204072.png,072,04
NFI-07205072.png,072,05
NFI-07206072.png,072,06
NFI-07207072.png,072,07
NFI-07208072.png,072,08
NFI-07209072.png,072,09
NFI-07210072.png,072,10
NFI-07211072.png,072,11
NFI-07212072.png,072,12
NFI-07301073.png,073,01
NFI-07302073.png,073,02
NFI-07303073.png,073,03
NFI-07304073.png,073,04
NFI-07305073.png,073,05
NFI-07306073.png,073,06
NFI-07307073.png,073,07
NFI-07308073.png,073,08
NFI-07309073.png,073,09
NFI-07310073.png,073,10
NFI-07311073.png,073,11
NFI-07312073.png,073,12
NFI-07401074.png,074,01
NFI-07402074.png,074,02
NFI-07403074.png,074,03
NFI-07404074.png,074,04
NFI-07405074.png,074,05
NFI-07406074.png,074,06
NFI-07407074.png,074,07
NFI-07408074.png,074,08
NFI-07409074.png,074,09
NFI-07410074.png,074,10
NFI-07411074.png,074,11
NFI-07412074.png,074,12
NFI-07501075.png,075,01
NFI-07502075.png,075,02
NFI-07503075.png,075,03
NFI-07504075.png,075,04
NFI-07505075.png,075,05
NFI-07506075.png,075,06
NFI-07507075.png,075,07
NFI-07508075.png,075,08
NFI-07509075.png,075,09
NFI-07510075.png,075,10
NFI-07511075.png,075,11
NFI-07512075.png,075,12
NFI-07701077.png,077,01
NFI-07702077.png,077,02
NFI-07703077.png,077,03
NFI-07704077.png,077,04
NFI-07705077.png,077,05
NFI-07706077.png,077,06
NFI-07707077.png,077,07
NFI-07708077.png,077,08
NFI-07709077.png,077,09
NFI-07710077.png,077,10
NFI-07711077.png,077,11
NFI-07712077.png,077,12
NFI-07901079.png,079,01
NFI-07902079.png,079,02
NFI-07903079.png,079,03
NFI-07904079.png,079,04
NFI-07905079.png,079,05
NFI-07906079.png,079,06
NFI-07907079.png,079,07
NFI-07908079.png,079,08
NFI-07909079.png,079,09
NFI-07910079.png,079,10
NFI-07911079.png,079,11
NFI-07912079.png,079,12
NFI-08001080.png,080,01
NFI-08002080.png,080,02
NFI-08003080.png,080,03
NFI-08004080.png,080,04
NFI-08005080.png,080,05
NFI-08006080.png,080,06
NFI-08007080.png,080,07
NFI-08008080.png,080,08
NFI-08009080.png,080,09
NFI-08010080.png,080,10
NFI-08011080.png,080,11
NFI-08012080.png,080,12
NFI-08301083.png,083,01
NFI-08302083.png,083,02
NFI-08303083.png,083,03
NFI-08304083.png,083,04
NFI-08305083.png,083,05
NFI-08306083.png,083,06
NFI-08307083.png,083,07
NFI-08308083.png,083,08
NFI-08309083.png,083,09
NFI-08310083.png,083,10
NFI-08311083.png,083,11
NFI-08312083.png,083,12
NFI-08401084.png,084,01
NFI-08402084.png,084,02
NFI-08403084.png,084,03
NFI-08404084.png,084,04
NFI-08405084.png,084,05
NFI-08406084.png,084,06
NFI-08407084.png,084,07
NFI-08408084.png,084,08
NFI-08409084.png,084,09
NFI-08410084.png,084,10
NFI-08411084.png,084,11
NFI-08412084.png,084,12
NFI-08501085.png,085,01
NFI-08502085.png,085,02
NFI-08503085.png,085,03
NFI-08504085.png,085,04
NFI-08505085.png,085,05
NFI-08506085.png,085,06
NFI-08507085.png,085,07
NFI-08508085.png,085,08
NFI-08509085.png,085,09
NFI-08510085.png,085,10
NFI-08511085.png,085,11
NFI-08512085.png,085,12
NFI-08601086.png,086,01
NFI-08602086.png,086,02
NFI-08603086.png,086,03
NFI-08604086.png,086,04
NFI-08605086.png,086,05
NFI-08606086.png,086,06
NFI-08607086.png,086,07
NFI-08608086.png,086,08
NFI-08609086.png,086,09
NFI-08610086.png,086,10
NFI-08611086.png,086,11
NFI-08612086.png,086,12
NFI-08801088.png,088,01
NFI-08802088.png,088,02
NFI-08803088.png,088,03
NFI-08804088.png,088,04
NFI-08805088.png,088,05
NFI-08806088.png,088,06
NFI-08807088.png,088,07
NFI-08808088.png,088,08
NFI-08809088.png,088,09
NFI-08810088.png,088,10
NFI-08811088.png,088,11
NFI-08812088.png,088,12
NFI-08901089.png,089,01
NFI-08902089.png,089,02
NFI-08903089.png,089,03
NFI-08904089.png,089,04
NFI-08905089.png,089,05
NFI-08906089.png,089,06
NFI-08907089.png,089,07
NFI-08908089.png,089,08
NFI-08909089.png,089,09
NFI-08910089.png,089,10
NFI-08911089.png,089,11
NFI-08912089.png,089,12
NFI-09001090.png,090,01
NFI-09002090.png,090,02
NFI-09003090.png,090,03
NFI-09004090.png,090,04
NFI-09005090.png,090,05
NFI-09006090.png,090,06
NFI-09007090.png,090,07
NFI-09008090.png,090,08
NFI-09009090.png,090,09
NFI-09010090.png,090,10
NFI-09011090.png,090,11
NFI-09012090.png,090,12
NFI-09101091.png,091,01
NFI-09102091.png,091,02
NFI-09103091.png,091,03
NFI-09104091.png,091,04
NFI-09105091.png,091,05
NFI-09106091.png,091,06
NFI-09107091.png,091,07
NFI-09108091.png,091,08
NFI-09109091.png,091,09
NFI-09110091.png,091,10
NFI-09111091.png,091,11
NFI-09112091.png,091,12
NFI-09201092.png,092,01
NFI-09202092.png,092,02
NFI-09203092.png,092,03
NFI-09204092.png,092,04
NFI-09205092.png,092,05
NFI-09206092.png,092,06
NFI-09207092.png,092,07
NFI-09208092.png,092,08
NFI-09209092.png,092,09
NFI-09210092.png,092,10
NFI-09211092.png,092,11
NFI-09212092.png,092,12
NFI-09301093.png,093,01
NFI-09302093.png,093,02
NFI-09303093.png,093,03
NFI-09304093.png,093,04
NFI-09305093.png,093,05
NFI-09306093.png,093,06
NFI-09307093.png,093,07
NFI-09308093.png,093,08
NFI-09309093.png,093,09
NFI-09310093.png,093,10
NFI-09311093.png,093,11
NFI-09312093.png,093,12
NFI-09401094.png,094,01
NFI-09402094.png,094,02
NFI-09403094.png,094,03
NFI-09404094.png,094,04
NFI-09405094.png,094,05
NFI-09406094.png,094,06
NFI-09407094.png,094,07
NFI-09408094.png,094,08
NFI-09409094.png,094,09
NFI-09410094.png,094,10
NFI-09411094.png,094,11
NFI-09412094.png,094,12
NFI-09601096.png,096,01
NFI-09602096.png,096,02
NFI-09603096.png,096,03
NFI-09604096.png,096,04
NFI-09605096.png,096,05
NFI-09606096.png,096,06
NFI-09607096.png,096,07
NFI-09608096.png,096,08
NFI-09609096.png,096,09
NFI-09610096.png,096,10
NFI-09611096.png,096,11
NFI-09612096.png,096,12
NFI-09701097.png,097,01
NFI-09702097.png,097,02
NFI-09703097.png,097,03
NFI-09704097.png,097,04
NFI-09705097.png,097,05
NFI-09706097.png,097,06
NFI-09707097.png,097,07
NFI-09708097.png,097,08
NFI-09709097.png,097,09
NFI-09710097.png,097,10
NFI-09711097.png,097,11
NFI-09712097.png,097,12
NFI-09801098.png,098,01
NFI-09802098.png,098,02
NFI-09803098.png,098,03
NFI-09804098.png,098,04
NFI-09805098.png,098,05
NFI-09806098.png,098,06
NFI-09807098.png,098,07
NFI-09808098.png,098,08
NFI-09809098.png,098,09
NFI-09810098.png,098,10
NFI-09811098.png,098,11
NFI-09812098.png,098,12
NFI-09901099.png,099,01
NFI-09902099.png,099,02
NFI-09903099.png,099,03
NFI-09904099.png,099,04
NFI-09905099.png,099,05
NFI-09906099.png,099,06
NFI-09907099.png,099,07
NFI-09908099.png,099,08
NFI-09909099.png,099,09
NFI-09910099.png,099,10
NFI-09911099.png,099,11
NFI-09912099.png,099,12
NFI-10001100.png,100,01
NFI-10002100.png,100,02
NFI-10003100.png,100,03
NFI-10004100.png,100,04
NFI-10005100.png,100,05
NFI-10006100.png,100,06
NFI-10007100.png,100,07
NFI-10008100.png,100,08
NFI-10009100.png,100,09
NFI-10010100.png,100,10
NFI-10011100.png,100,11
NFI-10012100.png,100,12
